{"cameraMode":{"drawMode":0,"name":"Shaded","section":"Shading Mode"},"sceneLighting":true,"audioPlay":false,"sceneViewState":{"m_AlwaysRefresh":false,"showFog":true,"showSkybox":true,"showFlares":true,"showImageEffects":true,"showParticleSystems":true,"showVisualEffectGraphs":true,"m_FxEnabled":true},"in2DMode":false,"pivot":{"x":-1.6666449308395386,"y":4.893288612365723,"z":-2.433197021484375},"rotation":{"x":-0.21244463324546815,"y":-0.10884076356887818,"z":0.023684807121753694,"w":-0.9708648324012756},"size":12.90560245513916,"orthographic":false}