{"cameraMode":{"drawMode":0,"name":"Shaded","section":"Shading Mode"},"sceneLighting":true,"audioPlay":false,"sceneViewState":{"m_AlwaysRefresh":false,"showFog":true,"showSkybox":true,"showFlares":true,"showImageEffects":true,"showParticleSystems":true,"showVisualEffectGraphs":true,"m_FxEnabled":true},"in2DMode":false,"pivot":{"x":0.45496344566345217,"y":0.9078426361083984,"z":0.47728919982910159},"rotation":{"x":-0.288057804107666,"y":-0.13471734523773194,"z":0.041579101234674457,"w":-0.9475616216659546},"size":7.8861517906188969,"orthographic":false}